Monday through Friday, 7:30am to 4:30pm.
Monday through Friday, 7:30am to 4:00pm.
Monday through Friday, 8:00am to 4:00pm.
Monday through Friday, 8:00am to 4:30pm.
Monday through Friday, 7:30am to 4:30pm.
Monday through Friday, 7:30am to 4:00pm.
Monday through Friday, 7:30am to 4:30pm.
Monday through Friday, 7:30am to 4:00pm.
Monday through Friday, 8:00am to 5:00pm.
Monday through Friday, 7:30am to 4:30pm.
Monday and Friday, 8:00am to 4:30pm.
Monday through Friday, 7:00am to 4:30pm.
Monday through Friday, 8:00am to 4:00pm.
Monday through Friday, 7:45am to 4:15pm.
Monday through Friday, 8:00am to 4:30pm.
Monday through Friday, 7:30am to 4:30pm.
Monday through Friday, 7:30am to 4:30pm.
Monday through Friday, 8:00am to 5:00pm.
Monday through Friday, 7:15am to 4:15pm.  July and August, closed on Fridays.
SITE HOURS: Monday through Friday, 7:30am to 4:30pm.
Monday through Friday, 7:30am to 4:00pm.
Monday through Friday, 7:30am to 4:00pm.
Monday through Friday, 8:00am to 4:30pm.
Monday through Friday, 8:00am to 4:00pm.
Monday through Friday, 7:30am to 4:30pm.
Monday through Friday, 6:30am to 6:00pm.
Monday through Friday, 8:00am to 4:30pm
Monday through Friday, 8:00am to 4:00pm.
Monday through Friday, 8:00am to 5:00pm.
Monday through Friday, 7:30am to 4:30pm.
Monday through Thursday, 12:00 noon to 7:00pm; Friday, Saturday and Sunday, 10:00am to 5:00pm. Closed holidays.
Monday through Friday, 7:30am to 4:30pm.
Monday through Friday, 7:30am to 4:30pm.
Monday through Friday, 8:00am to 5:00pm.
Monday through Friday, 7:30am to 4:00pm.
Monday through Friday, 8:00am to 4:30pm.
Monday through Friday, 8:00am to 4:30pm.
Monday through Friday, 8:00am to 4:00pm.
Monday through Friday, 7:30am to 4:00pm.
Monday through Friday, 8:00am to 4:45pm.